ID,Title
1000000445,Unisex Zip Hoodie
1000000011,Women's Jersey Short Sleeve Deep V-Neck Tee
1000000079,Unisex 3\4 Sleeve Baseball Tee
1000000440,Men's Staple Tee
11,Women's Jersey Short Sleeve Deep V-Neck Tee
440,Men's Staple Tee
445,Unisex Zip Hoodie
79,Unisex 3\4 Sleeve Baseball Tee
146,Kids Fine Jersey Tee
145,Unisex Softstyle T-Shirt
1000001191,Photo Art Paper Posters
1191,Photo Art Paper Posters
1000001336,Women's Organic Short Sleeve T-Shirt
1336,Women's Organic Short Sleeve T-Shirt
12,Unisex Jersey Short Sleeve Tee
49,Unisex Heavy Blend™ Crewneck Sweatshirt
1000000032,Toddler's Fine Jersey Tee
32,Toddler's Fine Jersey Tee
6,Unisex Heavy Cotton Tee
77,Unisex Heavy Blend™ Hooded Sweatshirt
1000000009,Women's Favorite Tee
1000000706,Unisex Garment-Dyed T-shirt
706,Unisex Garment-Dyed T-shirt
1000000077,Unisex Heavy Blend™ Hooded Sweatshirt
1000000049,Unisex Heavy Blend™ Crewneck Sweatshirt
9,Women's Favorite Tee
1000000446,Unisex Crewneck Sweatshirt
1000000439,Three-Panel Fleece Hoodie
1000000048,Unisex Jersey Short Sleeve V-Neck Tee
1000000034,Infant Fine Jersey Tee
1000000031,Infant Long Sleeve Bodysuit
1000000036,Unisex Ultra Cotton Tee
48,Unisex Jersey Short Sleeve V-Neck Tee
446,Unisex Crewneck Sweatshirt
439,Three-Panel Fleece Hoodie
41,Unisex Jersey Long Sleeve Tee
36,Unisex Ultra Cotton Tee
34,Infant Fine Jersey Tee
31,Infant Long Sleeve Bodysuit
1000000033,Infant Fine Jersey Bodysuit
33,Infant Fine Jersey Bodysuit
1000000145,Unisex Softstyle T-Shirt
1000000157,Kids Heavy Cotton™ Tee
157,Kids Heavy Cotton™ Tee
1000000041,Unisex Jersey Long Sleeve Tee
1000000146,Kids Fine Jersey Tee
1000000039,Unisex Jersey Tank
1000000012,Unisex Jersey Short Sleeve Tee
1000000006,Unisex Heavy Cotton Tee
39,Unisex Jersey Tank
